{
  "documents": [],
  "tables_parsed": [],
  "tables_source_info": [],
  "images": [
    {
      "original_name": "Screenshot 2025-10-31 210647",
      "file_name": "Screenshot 2025-10-31 210647.png",
      "file_path": "/workspace/free_things_website/public/images/Screenshot 2025-10-31 210647.png",
      "rel_path": "images/Screenshot 2025-10-31 210647.png",
      "file_type": "png",
      "category": "images"
    }
  ],
  "summary": {
    "total_files": 1,
    "by_category": {
      "documents": 0,
      "tables_parsed": 0,
      "tables_source_info": 0,
      "images": 1
    },
    "processing_time": null
  }
}